{
  "id": "3e7aad6e-5c73-40a9-9022-f75e15e2d354",
  "revision": 0,
  "last_node_id": 9,
  "last_link_id": 8,
  "nodes": [
    {
      "id": 1,
      "type": "AudioXEnhancedTextToAudio",
      "pos": [
        -617.2890014648438,
        -264.3356018066406
      ],
      "size": [
        400,
        382
      ],
      "flags": {},
      "order": 4,
      "mode": 4,
      "inputs": [
        {
          "name": "model",
          "type": "AUDIOX_MODEL",
          "link": 4
        },
        {
          "name": "text_prompt",
          "type": "STRING",
          "widget": {
            "name": "text_prompt"
          },
          "link": 1
        },
        {
          "name": "negative_prompt",
          "shape": 7,
          "type": "STRING",
          "widget": {
            "name": "negative_prompt"
          },
          "link": 2
        }
      ],
      "outputs": [
        {
          "name": "audio",
          "type": "AUDIO",
          "links": [
            3
          ]
        }
      ],
      "properties": {
        "aux_id": "lum3on/ComfyUI-AudioX",
        "ver": "68529ed407aad26b38565b51cfbd50d495ace0ec",
        "Node name for S&R": "AudioXEnhancedTextToAudio",
        "enableTabs": false,
        "tabWidth": 65,
        "tabXOffset": 10,
        "hasSecondTab": false,
        "secondTabText": "Send Back",
        "secondTabOffset": 80,
        "secondTabWidth": 65,
        "widget_ue_connectable": {}
      },
      "widgets_values": [
        "Typing on a keyboard",
        250,
        9,
        1584129233,
        "randomize",
        10,
        "muffled, distorted, low quality, noise, silence",
        "none",
        true,
        "realistic",
        "multi_aspect",
        true
      ]
    },
    {
      "id": 6,
      "type": "AudioXEnhancedTextToMusic",
      "pos": [
        -610.9913330078125,
        301.61346435546875
      ],
      "size": [
        400,
        406
      ],
      "flags": {},
      "order": 5,
      "mode": 0,
      "inputs": [
        {
          "name": "model",
          "type": "AUDIOX_MODEL",
          "link": 5
        },
        {
          "name": "text_prompt",
          "type": "STRING",
          "widget": {
            "name": "text_prompt"
          },
          "link": 6
        },
        {
          "name": "negative_prompt",
          "shape": 7,
          "type": "STRING",
          "widget": {
            "name": "negative_prompt"
          },
          "link": 7
        }
      ],
      "outputs": [
        {
          "name": "audio",
          "type": "AUDIO",
          "links": [
            8
          ]
        }
      ],
      "properties": {
        "aux_id": "lum3on/ComfyUI-AudioX",
        "ver": "68529ed407aad26b38565b51cfbd50d495ace0ec",
        "Node name for S&R": "AudioXEnhancedTextToMusic",
        "enableTabs": false,
        "tabWidth": 65,
        "tabXOffset": 10,
        "hasSecondTab": false,
        "secondTabText": "Send Back",
        "secondTabOffset": 80,
        "secondTabWidth": 65,
        "widget_ue_connectable": {}
      },
      "widgets_values": [
        "A peaceful piano melody",
        250,
        7,
        3213582614,
        "randomize",
        10,
        "discordant, harsh, atonal, noise, distorted",
        "none",
        "none",
        "none",
        true,
        "multi_aspect",
        true
      ]
    },
    {
      "id": 8,
      "type": "SaveAudio",
      "pos": [
        -186.57098388671875,
        303.60675048828125
      ],
      "size": [
        270,
        112
      ],
      "flags": {},
      "order": 7,
      "mode": 0,
      "inputs": [
        {
          "name": "audio",
          "type": "AUDIO",
          "link": 8
        }
      ],
      "outputs": [],
      "properties": {
        "cnr_id": "comfy-core",
        "ver": "0.3.40",
        "Node name for S&R": "SaveAudio",
        "enableTabs": false,
        "tabWidth": 65,
        "tabXOffset": 10,
        "hasSecondTab": false,
        "secondTabText": "Send Back",
        "secondTabOffset": 80,
        "secondTabWidth": 65,
        "widget_ue_connectable": {}
      },
      "widgets_values": [
        "audio/ComfyUI"
      ]
    },
    {
      "id": 7,
      "type": "AudioXPromptHelper",
      "pos": [
        -1031.8333740234375,
        306.123046875
      ],
      "size": [
        400,
        278
      ],
      "flags": {},
      "order": 0,
      "mode": 0,
      "inputs": [],
      "outputs": [
        {
          "name": "enhanced_prompt",
          "type": "STRING",
          "links": [
            6
          ]
        },
        {
          "name": "negative_prompt",
          "type": "STRING",
          "links": [
            7
          ]
        },
        {
          "name": "prompt_info",
          "type": "STRING",
          "links": null
        }
      ],
      "properties": {
        "aux_id": "lum3on/ComfyUI-AudioX",
        "ver": "68529ed407aad26b38565b51cfbd50d495ace0ec",
        "Node name for S&R": "AudioXPromptHelper",
        "enableTabs": false,
        "tabWidth": 65,
        "tabXOffset": 10,
        "hasSecondTab": false,
        "secondTabText": "Send Back",
        "secondTabOffset": 80,
        "secondTabWidth": 65,
        "widget_ue_connectable": {}
      },
      "widgets_values": [
        "cinematic orchestra, beautiful strings",
        "none",
        true,
        true,
        "noise, muffled, distorted, low quality, noise",
        "realistic"
      ]
    },
    {
      "id": 2,
      "type": "AudioXPromptHelper",
      "pos": [
        -1039.6156005859375,
        -249.17440795898438
      ],
      "size": [
        400,
        278
      ],
      "flags": {},
      "order": 1,
      "mode": 4,
      "inputs": [],
      "outputs": [
        {
          "name": "enhanced_prompt",
          "type": "STRING",
          "links": [
            1
          ]
        },
        {
          "name": "negative_prompt",
          "type": "STRING",
          "links": [
            2
          ]
        },
        {
          "name": "prompt_info",
          "type": "STRING",
          "links": null
        }
      ],
      "properties": {
        "aux_id": "lum3on/ComfyUI-AudioX",
        "ver": "68529ed407aad26b38565b51cfbd50d495ace0ec",
        "Node name for S&R": "AudioXPromptHelper",
        "enableTabs": false,
        "tabWidth": 65,
        "tabXOffset": 10,
        "hasSecondTab": false,
        "secondTabText": "Send Back",
        "secondTabOffset": 80,
        "secondTabWidth": 65,
        "widget_ue_connectable": {}
      },
      "widgets_values": [
        "boat horn, rainy water droplets, bird song",
        "none",
        true,
        true,
        "muffled, distorted, low quality, noise",
        "realistic"
      ]
    },
    {
      "id": 3,
      "type": "SaveAudio",
      "pos": [
        -189.4632568359375,
        -269.09698486328125
      ],
      "size": [
        270,
        112
      ],
      "flags": {},
      "order": 6,
      "mode": 4,
      "inputs": [
        {
          "name": "audio",
          "type": "AUDIO",
          "link": 3
        }
      ],
      "outputs": [],
      "properties": {
        "cnr_id": "comfy-core",
        "ver": "0.3.40",
        "Node name for S&R": "SaveAudio",
        "enableTabs": false,
        "tabWidth": 65,
        "tabXOffset": 10,
        "hasSecondTab": false,
        "secondTabText": "Send Back",
        "secondTabOffset": 80,
        "secondTabWidth": 65,
        "widget_ue_connectable": {}
      },
      "widgets_values": [
        "audio/ComfyUI"
      ]
    },
    {
      "id": 4,
      "type": "AudioXModelLoader",
      "pos": [
        -1480,
        160
      ],
      "size": [
        398.2261962890625,
        110.46002197265625
      ],
      "flags": {},
      "order": 2,
      "mode": 0,
      "inputs": [],
      "outputs": [
        {
          "name": "model",
          "type": "AUDIOX_MODEL",
          "links": [
            4,
            5
          ]
        }
      ],
      "properties": {
        "aux_id": "lum3on/ComfyUI-AudioX",
        "ver": "68529ed407aad26b38565b51cfbd50d495ace0ec",
        "Node name for S&R": "AudioXModelLoader",
        "enableTabs": false,
        "tabWidth": 65,
        "tabXOffset": 10,
        "hasSecondTab": false,
        "secondTabText": "Send Back",
        "secondTabOffset": 80,
        "secondTabWidth": 65,
        "widget_ue_connectable": {}
      },
      "widgets_values": [
        "AudioX.ckpt",
        "auto",
        "auto"
      ]
    },
    {
      "id": 9,
      "type": "Fast Groups Bypasser (rgthree)",
      "pos": [
        -1480,
        320
      ],
      "size": [
        390.63751220703125,
        130
      ],
      "flags": {},
      "order": 3,
      "mode": 0,
      "inputs": [],
      "outputs": [
        {
          "name": "OPT_CONNECTION",
          "type": "*",
          "links": null
        }
      ],
      "properties": {
        "matchColors": "",
        "matchTitle": "",
        "showNav": true,
        "sort": "position",
        "customSortAlphabet": "",
        "toggleRestriction": "default",
        "widget_ue_connectable": {}
      }
    }
  ],
  "links": [
    [
      1,
      2,
      0,
      1,
      1,
      "STRING"
    ],
    [
      2,
      2,
      1,
      1,
      2,
      "STRING"
    ],
    [
      3,
      1,
      0,
      3,
      0,
      "AUDIO"
    ],
    [
      4,
      4,
      0,
      1,
      0,
      "AUDIOX_MODEL"
    ],
    [
      5,
      4,
      0,
      6,
      0,
      "AUDIOX_MODEL"
    ],
    [
      6,
      7,
      0,
      6,
      1,
      "STRING"
    ],
    [
      7,
      7,
      1,
      6,
      2,
      "STRING"
    ],
    [
      8,
      6,
      0,
      8,
      0,
      "AUDIO"
    ]
  ],
  "groups": [
    {
      "id": 1,
      "title": "text2audio",
      "bounding": [
        -1052.966552734375,
        -342.6968994140625,
        1143.5032958984375,
        470.36138916015625
      ],
      "color": "#3f789e",
      "font_size": 24,
      "flags": {}
    },
    {
      "id": 3,
      "title": "text2music",
      "bounding": [
        -1041.8333740234375,
        228.0134735107422,
        1135.2623291015625,
        489.6000061035156
      ],
      "color": "#3f789e",
      "font_size": 24,
      "flags": {}
    }
  ],
  "config": {},
  "extra": {
    "ue_links": [],
    "links_added_by_ue": [],
    "ds": {
      "scale": 0.8769226950000016,
      "offset": [
        1256.3334285420383,
        195.14090640797156
      ]
    },
    "frontendVersion": "1.21.7",
    "VHS_latentpreview": false,
    "VHS_latentpreviewrate": 0,
    "VHS_MetadataImage": true,
    "VHS_KeepIntermediate": true
  },
  "version": 0.4
}
