{
  "id": "ec4360c9-823d-4643-87a8-2bdff15c98cd",
  "revision": 0,
  "last_node_id": 27,
  "last_link_id": 25,
  "nodes": [
    {
      "id": 8,
      "type": "VHS_VideoInfo",
      "pos": [
        686.7642211914062,
        598.0364990234375
      ],
      "size": [
        225.59765625,
        206
      ],
      "flags": {
        "collapsed": true
      },
      "order": 3,
      "mode": 0,
      "inputs": [
        {
          "name": "video_info",
          "type": "VHS_VIDEOINFO",
          "link": 6
        }
      ],
      "outputs": [
        {
          "name": "source_fps🟨",
          "type": "FLOAT",
          "links": [
            7
          ]
        },
        {
          "name": "source_frame_count🟨",
          "type": "INT",
          "links": null
        },
        {
          "name": "source_duration🟨",
          "type": "FLOAT",
          "links": null
        },
        {
          "name": "source_width🟨",
          "type": "INT",
          "links": null
        },
        {
          "name": "source_height🟨",
          "type": "INT",
          "links": null
        },
        {
          "name": "loaded_fps🟦",
          "type": "FLOAT",
          "links": null
        },
        {
          "name": "loaded_frame_count🟦",
          "type": "INT",
          "links": null
        },
        {
          "name": "loaded_duration🟦",
          "type": "FLOAT",
          "links": null
        },
        {
          "name": "loaded_width🟦",
          "type": "INT",
          "links": null
        },
        {
          "name": "loaded_height🟦",
          "type": "INT",
          "links": null
        }
      ],
      "properties": {
        "cnr_id": "comfyui-videohelpersuite",
        "ver": "1.5.18",
        "Node name for S&R": "VHS_VideoInfo",
        "enableTabs": false,
        "tabWidth": 65,
        "tabXOffset": 10,
        "hasSecondTab": false,
        "secondTabText": "Send Back",
        "secondTabOffset": 80,
        "secondTabWidth": 65,
        "widget_ue_connectable": {}
      },
      "widgets_values": {}
    },
    {
      "id": 5,
      "type": "AudioXModelLoader",
      "pos": [
        348.1706237792969,
        155.7396697998047
      ],
      "size": [
        270,
        106
      ],
      "flags": {
        "collapsed": true
      },
      "order": 0,
      "mode": 0,
      "inputs": [],
      "outputs": [
        {
          "name": "model",
          "type": "AUDIOX_MODEL",
          "links": [
            5
          ]
        }
      ],
      "properties": {
        "aux_id": "lum3on/ComfyUI-AudioX",
        "ver": "68529ed407aad26b38565b51cfbd50d495ace0ec",
        "Node name for S&R": "AudioXModelLoader",
        "enableTabs": false,
        "tabWidth": 65,
        "tabXOffset": 10,
        "hasSecondTab": false,
        "secondTabText": "Send Back",
        "secondTabOffset": 80,
        "secondTabWidth": 65,
        "widget_ue_connectable": {}
      },
      "widgets_values": [
        "AudioX.ckpt",
        "auto",
        "auto"
      ]
    },
    {
      "id": 3,
      "type": "VHS_LoadVideo",
      "pos": [
        -133.46392822265625,
        118.65058135986328
      ],
      "size": [
        247.455078125,
        452.2566223144531
      ],
      "flags": {},
      "order": 1,
      "mode": 0,
      "inputs": [
        {
          "name": "meta_batch",
          "shape": 7,
          "type": "VHS_BatchManager",
          "link": null
        },
        {
          "name": "vae",
          "shape": 7,
          "type": "VAE",
          "link": null
        }
      ],
      "outputs": [
        {
          "name": "IMAGE",
          "type": "IMAGE",
          "links": [
            3,
            12
          ]
        },
        {
          "name": "frame_count",
          "type": "INT",
          "links": []
        },
        {
          "name": "audio",
          "type": "AUDIO",
          "links": null
        },
        {
          "name": "video_info",
          "type": "VHS_VIDEOINFO",
          "links": [
            6
          ]
        }
      ],
      "properties": {
        "cnr_id": "comfyui-videohelpersuite",
        "ver": "1.5.18",
        "Node name for S&R": "VHS_LoadVideo",
        "enableTabs": false,
        "tabWidth": 65,
        "tabXOffset": 10,
        "hasSecondTab": false,
        "secondTabText": "Send Back",
        "secondTabOffset": 80,
        "secondTabWidth": 65,
        "widget_ue_connectable": {}
      },
      "widgets_values": {
        "video": "19933078-uhd_3840_2160_60fps.mp4",
        "force_rate": 0,
        "custom_width": 0,
        "custom_height": 0,
        "frame_load_cap": 200,
        "skip_first_frames": 0,
        "select_every_nth": 1,
        "format": "AnimateDiff",
        "choose video to upload": "image",
        "videopreview": {
          "hidden": false,
          "paused": false,
          "params": {
            "filename": "19933078-uhd_3840_2160_60fps.mp4",
            "type": "input",
            "format": "video/mp4",
            "force_rate": 0,
            "custom_width": 0,
            "custom_height": 0,
            "frame_load_cap": 200,
            "skip_first_frames": 0,
            "select_every_nth": 1
          }
        }
      }
    },
    {
      "id": 1,
      "type": "AudioXEnhancedVideoToAudio",
      "pos": [
        563.2742309570312,
        138.35540771484375
      ],
      "size": [
        400,
        402
      ],
      "flags": {},
      "order": 4,
      "mode": 0,
      "inputs": [
        {
          "name": "model",
          "type": "AUDIOX_MODEL",
          "link": 5
        },
        {
          "name": "video",
          "type": "IMAGE",
          "link": 3
        },
        {
          "name": "text_prompt",
          "type": "STRING",
          "widget": {
            "name": "text_prompt"
          },
          "link": 24
        },
        {
          "name": "negative_prompt",
          "shape": 7,
          "type": "STRING",
          "widget": {
            "name": "negative_prompt"
          },
          "link": 25
        }
      ],
      "outputs": [
        {
          "name": "audio",
          "type": "AUDIO",
          "links": [
            10,
            22
          ]
        }
      ],
      "properties": {
        "aux_id": "lum3on/ComfyUI-AudioX",
        "ver": "68529ed407aad26b38565b51cfbd50d495ace0ec",
        "Node name for S&R": "AudioXEnhancedVideoToAudio",
        "enableTabs": false,
        "tabWidth": 65,
        "tabXOffset": 10,
        "hasSecondTab": false,
        "secondTabText": "Send Back",
        "secondTabOffset": 80,
        "secondTabWidth": 65,
        "widget_ue_connectable": {}
      },
      "widgets_values": [
        "Generate realistic audio that matches the visual content",
        250,
        7,
        7,
        1,
        1,
        541281598,
        "randomize",
        10,
        "",
        "none",
        true
      ]
    },
    {
      "id": 10,
      "type": "AudioXVideoAudioCombiner",
      "pos": [
        991.4639282226562,
        385.3445129394531
      ],
      "size": [
        263.42218017578125,
        122
      ],
      "flags": {},
      "order": 7,
      "mode": 0,
      "inputs": [
        {
          "name": "video",
          "type": "IMAGE",
          "link": 12
        },
        {
          "name": "audio",
          "type": "AUDIO",
          "link": 23
        }
      ],
      "outputs": [
        {
          "name": "video",
          "type": "IMAGE",
          "links": [
            13
          ]
        },
        {
          "name": "synced_audio",
          "type": "AUDIO",
          "links": [
            14
          ]
        },
        {
          "name": "info",
          "type": "STRING",
          "links": []
        }
      ],
      "properties": {
        "aux_id": "lum3on/ComfyUI-AudioX",
        "ver": "68529ed407aad26b38565b51cfbd50d495ace0ec",
        "Node name for S&R": "AudioXVideoAudioCombiner",
        "enableTabs": false,
        "tabWidth": 65,
        "tabXOffset": 10,
        "hasSecondTab": false,
        "secondTabText": "Send Back",
        "secondTabOffset": 80,
        "secondTabWidth": 65,
        "widget_ue_connectable": {}
      },
      "widgets_values": [
        true,
        false
      ]
    },
    {
      "id": 7,
      "type": "VHS_VideoCombine",
      "pos": [
        1284.6690673828125,
        123.09729766845703
      ],
      "size": [
        214.7587890625,
        457.55181884765625
      ],
      "flags": {},
      "order": 8,
      "mode": 0,
      "inputs": [
        {
          "name": "images",
          "type": "IMAGE",
          "link": 13
        },
        {
          "name": "audio",
          "shape": 7,
          "type": "AUDIO",
          "link": 14
        },
        {
          "name": "meta_batch",
          "shape": 7,
          "type": "VHS_BatchManager",
          "link": null
        },
        {
          "name": "vae",
          "shape": 7,
          "type": "VAE",
          "link": null
        },
        {
          "name": "frame_rate",
          "type": "FLOAT",
          "widget": {
            "name": "frame_rate"
          },
          "link": 7
        }
      ],
      "outputs": [
        {
          "name": "Filenames",
          "type": "VHS_FILENAMES",
          "links": null
        }
      ],
      "properties": {
        "cnr_id": "comfyui-videohelpersuite",
        "ver": "1.5.18",
        "Node name for S&R": "VHS_VideoCombine",
        "enableTabs": false,
        "tabWidth": 65,
        "tabXOffset": 10,
        "hasSecondTab": false,
        "secondTabText": "Send Back",
        "secondTabOffset": 80,
        "secondTabWidth": 65,
        "widget_ue_connectable": {}
      },
      "widgets_values": {
        "frame_rate": 8,
        "loop_count": 0,
        "filename_prefix": "AnimateDiff",
        "format": "video/h264-mp4",
        "pix_fmt": "yuv420p",
        "crf": 19,
        "save_metadata": true,
        "trim_to_audio": false,
        "pingpong": false,
        "save_output": true,
        "videopreview": {
          "hidden": false,
          "paused": false,
          "params": {
            "filename": "AnimateDiff_00193-audio.mp4",
            "subfolder": "",
            "type": "output",
            "format": "video/h264-mp4",
            "frame_rate": 60,
            "workflow": "AnimateDiff_00193.png",
            "fullpath": "C:\\Users\\RAIIN Studios\\Documents\\protable\\ComfyUI\\output\\AnimateDiff_00193-audio.mp4"
          }
        }
      }
    },
    {
      "id": 15,
      "type": "AudioXVolumeControl",
      "pos": [
        986.8224487304688,
        146.23202514648438
      ],
      "size": [
        270,
        170
      ],
      "flags": {},
      "order": 6,
      "mode": 0,
      "inputs": [
        {
          "name": "audio",
          "type": "AUDIO",
          "link": 22
        }
      ],
      "outputs": [
        {
          "name": "audio",
          "type": "AUDIO",
          "links": [
            23
          ]
        },
        {
          "name": "peak_level_db",
          "type": "FLOAT",
          "links": []
        },
        {
          "name": "info",
          "type": "STRING",
          "links": null
        }
      ],
      "properties": {
        "aux_id": "lum3on/ComfyUI-AudioX",
        "ver": "68529ed407aad26b38565b51cfbd50d495ace0ec",
        "Node name for S&R": "AudioXVolumeControl",
        "enableTabs": false,
        "tabWidth": 65,
        "tabXOffset": 10,
        "hasSecondTab": false,
        "secondTabText": "Send Back",
        "secondTabOffset": 80,
        "secondTabWidth": 65,
        "widget_ue_connectable": {}
      },
      "widgets_values": [
        -15.132643629439677,
        0.1,
        false,
        true
      ]
    },
    {
      "id": 9,
      "type": "SaveAudio",
      "pos": [
        1009.6102905273438,
        557.4797973632812
      ],
      "size": [
        270,
        112
      ],
      "flags": {
        "collapsed": true
      },
      "order": 5,
      "mode": 0,
      "inputs": [
        {
          "name": "audio",
          "type": "AUDIO",
          "link": 10
        }
      ],
      "outputs": [],
      "properties": {
        "cnr_id": "comfy-core",
        "ver": "0.3.40",
        "Node name for S&R": "SaveAudio",
        "enableTabs": false,
        "tabWidth": 65,
        "tabXOffset": 10,
        "hasSecondTab": false,
        "secondTabText": "Send Back",
        "secondTabOffset": 80,
        "secondTabWidth": 65,
        "widget_ue_connectable": {}
      },
      "widgets_values": [
        "audio/ComfyUI"
      ]
    },
    {
      "id": 2,
      "type": "AudioXPromptHelper",
      "pos": [
        141.48146057128906,
        243.88771057128906
      ],
      "size": [
        400,
        278
      ],
      "flags": {},
      "order": 2,
      "mode": 0,
      "inputs": [],
      "outputs": [
        {
          "name": "enhanced_prompt",
          "type": "STRING",
          "links": [
            24
          ]
        },
        {
          "name": "negative_prompt",
          "type": "STRING",
          "links": [
            25
          ]
        },
        {
          "name": "prompt_info",
          "type": "STRING",
          "links": []
        }
      ],
      "properties": {
        "aux_id": "lum3on/ComfyUI-AudioX",
        "ver": "68529ed407aad26b38565b51cfbd50d495ace0ec",
        "Node name for S&R": "AudioXPromptHelper",
        "enableTabs": false,
        "tabWidth": 65,
        "tabXOffset": 10,
        "hasSecondTab": false,
        "secondTabText": "Send Back",
        "secondTabOffset": 80,
        "secondTabWidth": 65,
        "widget_ue_connectable": {}
      },
      "widgets_values": [
        "car driving in a busy city, honking, car engines, low sirens in the background",
        "none",
        true,
        true,
        "muffled, distorted, low quality, noise",
        "none"
      ]
    }
  ],
  "links": [
    [
      3,
      3,
      0,
      1,
      1,
      "IMAGE"
    ],
    [
      5,
      5,
      0,
      1,
      0,
      "AUDIOX_MODEL"
    ],
    [
      6,
      3,
      3,
      8,
      0,
      "VHS_VIDEOINFO"
    ],
    [
      7,
      8,
      0,
      7,
      4,
      "FLOAT"
    ],
    [
      10,
      1,
      0,
      9,
      0,
      "AUDIO"
    ],
    [
      12,
      3,
      0,
      10,
      0,
      "IMAGE"
    ],
    [
      13,
      10,
      0,
      7,
      0,
      "IMAGE"
    ],
    [
      14,
      10,
      1,
      7,
      1,
      "AUDIO"
    ],
    [
      22,
      1,
      0,
      15,
      0,
      "AUDIO"
    ],
    [
      23,
      15,
      0,
      10,
      1,
      "AUDIO"
    ],
    [
      24,
      2,
      0,
      1,
      2,
      "STRING"
    ],
    [
      25,
      2,
      1,
      1,
      3,
      "STRING"
    ]
  ],
  "groups": [
    {
      "id": 1,
      "title": "video to audio",
      "bounding": [
        -143.46392822265625,
        45.05058288574219,
        1652.891845703125,
        562.9859008789062
      ],
      "color": "#ca8aff",
      "font_size": 24,
      "flags": {}
    }
  ],
  "config": {},
  "extra": {
    "ue_links": [],
    "links_added_by_ue": [],
    "ds": {
      "scale": 0.7972024500000007,
      "offset": [
        171.96613347083718,
        166.36878075033513
      ]
    },
    "frontendVersion": "1.21.7",
    "VHS_latentpreview": false,
    "VHS_latentpreviewrate": 0,
    "VHS_MetadataImage": true,
    "VHS_KeepIntermediate": true
  },
  "version": 0.4
}