{
    "global_cfg": {
        "semantic_audio_length_seconds": 10.0,
        "coarse_audio_length_seconds": 4.0,
        "fine_audio_length_seconds": 2.0,
        "clap_audio_length_seconds": 10.0,
        "num_coarse_quantizers": 3,
        "num_fine_quantizers": 5
    },
    "clap_rvq_cfg": {
        "enable_fusion": false,
        "rq_num_quantizers": 12,
        "codebook_size": 1024,
        "rq_ema_decay": 0.95,
        "threshold_ema_dead_code": 0.5
    },
    "hubert_kmeans_cfg": {
        "model_name": "m-a-p/MERT-v0",
        "normalize_embeds": true,
        "embed_layer": 7,
        "target_sample_hz": 16000,
        "seq_len_multiple_of": 320,
        "codebook_size": 1024,
        "output_hz": 50
    },
    "encodec_cfg": {
        "bandwidth": 6.0,
        "codebook_size": 1024,
        "output_hz": 75
    },
    "semantic_cfg": {
        "dim": 1024,
        "depth": 24,
        "heads": 16,
        "attn_dropout": 0.0,
        "ff_dropout": 0.1,
        "grad_shrink_alpha": 0.1,
        "non_causal_prefix_size": 0,
        "relative_position_bias_type": "continuous",
        "use_memory_efficient_attention": false
    },
    "coarse_cfg": {
        "dim": 1024,
        "depth": 24,
        "heads": 16,
        "attn_dropout": 0.0,
        "ff_dropout": 0.1,
        "grad_shrink_alpha": 0.1,
        "non_causal_prefix_size": 0,
        "relative_position_bias_type": "continuous",
        "use_memory_efficient_attention": false
    },
    "fine_cfg": {
        "dim": 1024,
        "depth": 24,
        "heads": 16,
        "attn_dropout": 0.0,
        "ff_dropout": 0.1,
        "grad_shrink_alpha": 0.1,
        "non_causal_prefix_size": 0,
        "relative_position_bias_type": "continuous",
        "use_memory_efficient_attention": false
    }
}